ins,i,dvfs,rapl,ans,joules,time,instructions,ref_cycles,llc_miss
ins1,0,0xf00,135,3.14159,165.602,8.177,23556903110,23713438011,84063
ins1,1,0xf00,135,3.14159,163.687,8.077,23556582931,23421604834,82847
ins1,2,0xf00,135,3.14159,163.732,8.084,23556598023,23443298139,82938
ins1,3,0xf00,135,3.14159,165.687,8.185,23556890991,23735032890,80565
ins1,4,0xf00,135,3.14159,163.883,8.088,23556607995,23453960192,82786
ins1,0,0x1100,135,3.14159,153.629,7.138,23554153017,20697314964,73298
ins1,1,0x1100,135,3.14159,155.537,7.224,23554351698,20948896315,73936
ins1,2,0x1100,135,3.14159,154.285,7.161,23554202372,20764307429,73466
ins1,3,0x1100,135,3.14159,153.566,7.131,23554121137,20678846546,73131
ins1,4,0x1100,135,3.14159,153.503,7.131,23554109534,20677583045,73065
ins1,0,0x1300,135,3.14159,145.993,6.386,23552163856,18517653591,63164
ins1,1,0x1300,135,3.14159,147.652,6.461,23552363131,18734768210,66366
ins1,2,0x1300,135,3.14159,146.352,6.401,23552201997,18560624950,65895
ins1,3,0x1300,135,3.14159,155.161,6.791,23553306067,19692409168,70005
ins1,4,0x1300,135,3.14159,145.684,6.37,23552146346,18472279698,65730
ins1,0,0x1500,135,3.14159,141.141,5.777,23550647257,16753392278,59538
ins1,1,0x1500,135,3.14159,143.352,5.867,23550827029,17011738053,60397
ins1,2,0x1500,135,3.14159,142.627,5.84,23550744291,16935428352,59907
ins1,3,0x1500,135,3.14159,142.624,5.841,23550746341,16937607035,59873
ins1,4,0x1500,135,3.14159,142.633,5.842,23550748028,16939719511,60057
ins1,0,0x1700,135,3.14159,137.373,5.275,23549263761,15295965378,54490
ins1,1,0x1700,135,3.14159,137.412,5.268,23549251960,15276657178,54504
ins1,2,0x1700,135,3.14159,137.494,5.274,23549261398,15294730268,54462
ins1,3,0x1700,135,3.14159,137.242,5.271,23549262882,15286299736,54511
ins1,4,0x1700,135,3.14159,137.076,5.267,23549243419,15272517109,54351
ins1,0,0x1900,135,3.14159,135.401,4.856,23548222534,14081819623,50452
ins1,1,0x1900,135,3.14159,135.058,4.847,23548169217,14055144350,50224
ins1,2,0x1900,135,3.14159,135.113,4.848,23548172813,14059155572,50071
ins1,3,0x1900,135,3.14159,136.746,4.91,23548327795,14238844357,50492
ins1,4,0x1900,135,3.14159,135.068,4.846,23548148926,14053673354,49919
ins1,0,0x1b00,135,3.14159,134.039,4.489,23547209805,13016378792,46380
ins1,1,0x1b00,135,3.14159,136.204,4.56,23547414365,13223931299,47178
ins1,2,0x1b00,135,3.14159,133.804,4.482,23547198146,12998581637,46430
ins1,3,0x1b00,135,3.14159,134.446,4.501,23547249960,13053635817,46563
ins1,4,0x1b00,135,3.14159,134.184,4.495,23547233900,13034849965,46614
ins1,0,0x1d00,135,3.14159,132.649,4.176,23546443090,12111154493,43342
ins1,1,0x1d00,135,3.14159,132.796,4.181,23546441520,12124170215,43068
ins1,2,0x1d00,135,3.14159,134.911,4.241,23546589102,12298062828,43668
ins1,3,0x1d00,135,3.14159,132.89,4.178,23546441182,12115200080,42967
ins1,4,0x1d00,135,3.14159,132.9,4.176,23546422253,12111669910,42972
ins2,0,0xf00,135,2000000000,196.14,9.699,12025401830,28124685924,99327
ins2,1,0xf00,135,2000000000,196.434,9.716,12025465711,28173548604,99553
ins2,2,0xf00,135,2000000000,196.156,9.701,12025404351,28132591034,99564
ins2,3,0xf00,135,2000000000,196.189,9.71,12025447861,28156243695,99547
ins2,4,0xf00,135,2000000000,196.534,9.719,12025451544,28183925761,99649
ins2,0,0x1100,135,2000000000,183.987,8.567,12022475835,24841023058,87878
ins2,1,0x1100,135,2000000000,183.95,8.566,12022445879,24839238021,87605
ins2,2,0x1100,135,2000000000,184.176,8.578,12022500361,24873014843,87866
ins2,3,0x1100,135,2000000000,183.975,8.57,12022466554,24850097970,87808
ins2,4,0x1100,135,2000000000,183.766,8.558,12022467938,24816411251,87582
ins2,0,0x1300,135,2000000000,174.804,7.661,12020085469,22216953157,78731
ins2,1,0x1300,135,2000000000,175.443,7.693,12020176787,22308901862,79041
ins2,2,0x1300,135,2000000000,174.681,7.661,12020088710,22216922011,78652
ins2,3,0x1300,135,2000000000,175.001,7.678,12020189629,22264638669,78891
ins2,4,0x1300,135,2000000000,174.782,7.661,12020084194,22217080061,78760
ins2,0,0x1500,135,2000000000,169.137,6.942,12018208697,20130724390,71241
ins2,1,0x1500,135,2000000000,168.88,6.933,12018229933,20104104826,71071
ins2,2,0x1500,135,2000000000,169.281,6.952,12018227786,20160888247,71202
ins2,3,0x1500,135,2000000000,168.717,6.927,12018175747,20086722255,70944
ins2,4,0x1500,135,2000000000,168.911,6.935,12018185328,20109716123,71038
ins2,0,0x1700,135,2000000000,165.058,6.351,12016660344,18417322494,65366
ins2,1,0x1700,135,2000000000,164.633,6.336,12016623565,18375163193,65457
ins2,2,0x1700,135,2000000000,164.73,6.339,12016628739,18383120938,65176
ins2,3,0x1700,135,2000000000,150.926,5.795,12015212401,16804638497,59875
ins2,4,0x1700,135,2000000000,164.469,6.332,12016635949,18360978887,65438
ins2,0,0x1900,135,2000000000,163.855,5.9,12015506163,17109275261,60808
ins2,1,0x1900,135,2000000000,163.555,5.891,12015462693,17082700995,60337
ins2,2,0x1900,135,2000000000,163.734,5.896,12015471619,17097867792,60474
ins2,3,0x1900,135,2000000000,163.649,5.894,12015507662,17092164478,60623
ins2,4,0x1900,135,2000000000,163.826,5.899,12015480890,17107092982,60573
ins2,0,0x1b00,135,2000000000,161.265,5.423,12014236768,15725063907,55802
ins2,1,0x1b00,135,2000000000,160.049,5.381,12014132347,15605057557,55613
ins2,2,0x1b00,135,2000000000,160.403,5.394,12014189120,15642346134,56011
ins2,3,0x1b00,135,2000000000,160.376,5.392,12014156956,15636285714,55673
ins2,4,0x1b00,135,2000000000,160.295,5.389,12014155187,15627547057,55535
ins2,0,0x1d00,135,2000000000,159.825,5.05,12013291121,14644863410,52242
ins2,1,0x1d00,135,2000000000,158.86,5.016,12013190962,14547009841,51893
ins2,2,0x1d00,135,2000000000,158.85,5.013,12013173667,14537950647,51594
ins2,3,0x1d00,135,2000000000,159.045,5.018,12013191600,14552889475,51645
ins2,4,0x1d00,135,2000000000,159.039,5.018,12013238553,14553535624,51729
ins3,0,0xf00,135,125000001000000000,164.424,8.087,22021210165,23451185646,82989
ins3,1,0xf00,135,125000001000000000,164.446,8.087,22021205716,23450259763,83009
ins3,2,0xf00,135,125000001000000000,164.525,8.087,22021213723,23451525874,83140
ins3,3,0xf00,135,125000001000000000,164.4,8.087,22021194704,23451337519,83092
ins3,4,0xf00,135,125000001000000000,164.469,8.087,22021203738,23451857721,83058
ins3,0,0x1100,135,125000001000000000,154.0,7.133,22018700340,20685172925,72967
ins3,1,0x1100,135,125000001000000000,153.964,7.134,22018718170,20686691191,73097
ins3,2,0x1100,135,125000001000000000,153.911,7.134,22018701363,20686150486,72958
ins3,3,0x1100,135,125000001000000000,153.897,7.134,22018722322,20686729065,73068
ins3,4,0x1100,135,125000001000000000,153.914,7.134,22018706854,20686590851,73168
ins3,0,0x1300,135,125000001000000000,146.605,6.382,22016761998,18505497313,65403
ins3,1,0x1300,135,125000001000000000,146.606,6.382,22016779095,18505439864,65682
ins3,2,0x1300,135,125000001000000000,146.532,6.382,22016745050,18506066815,65601
ins3,3,0x1300,135,125000001000000000,146.466,6.382,22016789084,18505774408,65662
ins3,4,0x1300,135,125000001000000000,146.601,6.382,22016744320,18505706461,65754
ins3,0,0x1500,135,125000001000000000,141.486,5.773,22015200673,16740234630,59596
ins3,1,0x1500,135,125000001000000000,141.492,5.773,22015159490,16740823011,59485
ins3,2,0x1500,135,125000001000000000,141.455,5.773,22015155239,16740634163,59553
ins3,3,0x1500,135,125000001000000000,141.48,5.773,22015158036,16740938982,59575
ins3,4,0x1500,135,125000001000000000,141.448,5.773,22015150348,16740628653,59535
ins3,0,0x1700,135,125000001000000000,137.932,5.27,22013862748,15282868862,54466
ins3,1,0x1700,135,125000001000000000,137.983,5.27,22013856214,15283237684,54210
ins3,2,0x1700,135,125000001000000000,138.01,5.27,22013835633,15282842327,54030
ins3,3,0x1700,135,125000001000000000,138.037,5.27,22013837646,15281887096,53967
ins3,4,0x1700,135,125000001000000000,138.338,5.27,22013845274,15282623290,54147
ins3,0,0x1900,135,125000001000000000,135.595,4.848,22012789848,14058934157,50130
ins3,1,0x1900,135,125000001000000000,135.617,4.848,22012734958,14058417638,50022
ins3,2,0x1900,135,125000001000000000,135.615,4.848,22012735388,14058394148,49997
ins3,3,0x1900,135,125000001000000000,135.585,4.848,22012733867,14058616694,50097
ins3,4,0x1900,135,125000001000000000,135.573,4.848,22012760269,14058688179,50277
ins3,0,0x1b00,135,125000001000000000,134.522,4.488,22011810941,13015653763,46467
ins3,1,0x1b00,135,125000001000000000,134.581,4.488,22011797366,13015814336,46145
ins3,2,0x1b00,135,125000001000000000,134.552,4.488,22011800475,13015511663,46200
ins3,3,0x1b00,135,125000001000000000,134.599,4.488,22011801053,13015688331,46130
ins3,4,0x1b00,135,125000001000000000,134.567,4.488,22011792188,13016056602,46091
ins3,0,0x1d00,135,125000001000000000,133.251,4.178,22011051752,12117064084,43363
ins3,1,0x1d00,135,125000001000000000,133.334,4.178,22011018908,12116728206,43310
ins3,2,0x1d00,135,125000001000000000,133.436,4.178,22010990245,12116748825,43310
ins3,3,0x1d00,135,125000001000000000,133.45,4.178,22010989261,12116732063,43236
ins3,4,0x1d00,135,125000001000000000,133.461,4.178,22010996059,12116879064,43357
ins4,0,0xf00,135,201000000000,184.873,8.96,32045887895,25981335799,9324475
ins4,1,0xf00,135,201000000000,184.603,8.937,32045935328,25914695104,9328023
ins4,2,0xf00,135,201000000000,185.151,8.966,32045919927,25997826330,9308798
ins4,3,0xf00,135,201000000000,184.486,8.935,32045819541,25910802289,9325143
ins4,4,0xf00,135,201000000000,182.339,8.824,32045624197,25588461779,9284509
ins4,0,0x1100,135,201000000000,168.32,7.663,32042600885,22222322304,9021539
ins4,1,0x1100,135,201000000000,172.349,7.85,32042991720,22762966346,9095195
ins4,2,0x1100,135,201000000000,172.43,7.856,32043045668,22782678342,9089334
ins4,3,0x1100,135,201000000000,167.044,7.605,32042383861,22051935066,9032337
ins4,4,0x1100,135,201000000000,173.739,7.914,32043186440,22949946949,9003417
ins4,0,0x1300,135,201000000000,165.899,7.102,32041061184,20593801813,8810947
ins4,1,0x1300,135,201000000000,160.698,6.881,32040455645,19952540995,8915610
ins4,2,0x1300,135,201000000000,166.162,7.11,32041068914,20617920765,8637599
ins4,3,0x1300,135,201000000000,164.359,7.029,32040850145,20382723254,8965912
ins4,4,0x1300,135,201000000000,165.73,7.095,32041059740,20573573849,8803974
ins4,0,0x1500,135,201000000000,158.955,6.361,32039119679,18446181351,8773604
ins4,1,0x1500,135,201000000000,154.539,6.182,32038653279,17926723636,8725714
ins4,2,0x1500,135,201000000000,154.679,6.187,32038688870,17942232575,8717850
ins4,3,0x1500,135,201000000000,159.307,6.377,32039125025,18490435264,8798516
ins4,4,0x1500,135,201000000000,159.445,6.382,32039202646,18505171237,8790683
ins4,0,0x1700,135,201000000000,156.628,5.88,32037914563,17052186760,8569998
ins4,1,0x1700,135,201000000000,155.247,5.828,32037738978,16901385658,8649535
ins4,2,0x1700,135,201000000000,155.073,5.819,32037723593,16873872140,8638208
ins4,3,0x1700,135,201000000000,156.31,5.868,32037848419,17015166955,8660028
ins4,4,0x1700,135,201000000000,151.84,5.692,32037364447,16505330802,8578641
ins4,0,0x1900,135,201000000000,154.757,5.418,32036692849,15711796987,8438259
ins4,1,0x1900,135,201000000000,154.199,5.4,32036586837,15658932916,8492352
ins4,2,0x1900,135,201000000000,150.697,5.277,32036280430,15304244733,8476055
ins4,3,0x1900,135,201000000000,151.827,5.319,32036450483,15423549051,8492542
ins4,4,0x1900,135,201000000000,154.553,5.414,32036719107,15699028693,8520888
ins4,0,0x1b00,135,201000000000,151.153,4.942,32035421235,14330374012,8366029
ins4,1,0x1b00,135,201000000000,153.288,5.009,32035596947,14525898740,8362671
ins4,2,0x1b00,135,201000000000,153.461,5.018,32035596658,14552238135,8380567
ins4,3,0x1b00,135,201000000000,152.766,4.993,32035559304,14480030368,8370057
ins4,4,0x1b00,135,201000000000,152.18,4.976,32035468514,14430951522,8348288
ins4,0,0x1d00,135,201000000000,147.692,4.534,32034352543,13147492664,8220893
ins4,1,0x1d00,135,201000000000,150.69,4.623,32034582169,13407123603,8210896
ins4,2,0x1d00,135,201000000000,152.741,4.684,32034725084,13582199068,8255024
ins4,3,0x1d00,135,201000000000,148.394,4.544,32034420427,13178941888,8184245
ins4,4,0x1d00,135,201000000000,152.392,4.671,32034719253,13545564122,8245485
ins5,0,0xf00,135,5,174.274,8.359,24521929101,24240244848,87560
ins5,1,0xf00,135,5,174.134,8.357,24521916086,24233111631,87388
ins5,2,0xf00,135,5,174.108,8.355,24521904336,24229211044,87329
ins5,3,0xf00,135,5,174.133,8.355,24521917660,24229206984,87533
ins5,4,0xf00,135,5,174.151,8.36,24521933106,24244220371,87675
ins5,0,0x1100,135,5,163.847,7.373,24519332268,21380614646,77193
ins5,1,0x1100,135,5,163.889,7.372,24519366189,21377483081,77842
ins5,2,0x1100,135,5,163.916,7.374,24519327064,21384563083,77533
ins5,3,0x1100,135,5,163.928,7.374,24519336712,21383144983,77528
ins5,4,0x1100,135,5,163.826,7.371,24519331076,21374682232,77301
ins5,0,0x1300,135,5,156.507,6.596,24517288930,19127054110,69245
ins5,1,0x1300,135,5,156.503,6.597,24517307373,19130977346,69324
ins5,2,0x1300,135,5,156.292,6.595,24517283994,19123344285,69443
ins5,3,0x1300,135,5,156.421,6.595,24517309497,19124013779,69603
ins5,4,0x1300,135,5,156.51,6.594,24517283129,19122117150,69373
ins5,0,0x1500,135,5,151.542,5.966,24515666447,17299513666,63256
ins5,1,0x1500,135,5,151.521,5.965,24515658078,17298985547,63348
ins5,2,0x1500,135,5,151.498,5.965,24515667092,17297368681,63563
ins5,3,0x1500,135,5,151.458,5.964,24515699637,17294992073,63910
ins5,4,0x1500,135,5,151.494,5.964,24515659173,17295740882,63044
ins5,0,0x1700,135,5,148.098,5.445,24514352711,15790193441,58197
ins5,1,0x1700,135,5,148.164,5.446,24514321781,15792014032,57858
ins5,2,0x1700,135,5,148.14,5.445,24514301574,15789794372,57625
ins5,3,0x1700,135,5,148.099,5.448,24514313532,15797664682,57822
ins5,4,0x1700,135,5,148.116,5.447,24514313146,15795133330,58166
ins5,0,0x1900,135,5,146.173,5.011,24513169758,14530388897,53178
ins5,1,0x1900,135,5,146.172,5.009,24513168349,14524757909,53396
ins5,2,0x1900,135,5,146.18,5.01,24513171092,14527219690,53360
ins5,3,0x1900,135,5,146.124,5.008,24513163527,14523545071,53380
ins5,4,0x1900,135,5,146.159,5.01,24513167577,14529514953,53389
ins5,0,0x1b00,135,5,145.529,4.64,24512250884,13456401476,50151
ins5,1,0x1b00,135,5,145.511,4.639,24512204858,13451919816,49714
ins5,2,0x1b00,135,5,145.572,4.641,24512206076,13459798971,49664
ins5,3,0x1b00,135,5,145.483,4.639,24512220200,13451998638,49856
ins5,4,0x1b00,135,5,145.506,4.639,24512205544,13451798886,49536
ins5,0,0x1d00,135,5,144.296,4.317,24511346133,12520074010,45350
ins5,1,0x1d00,135,5,144.421,4.317,24511361448,12519066811,46234
ins5,2,0x1d00,135,5,144.496,4.319,24511349166,12524595081,45365
ins5,3,0x1d00,135,5,144.59,4.318,24511346652,12521936506,45679
ins5,4,0x1d00,135,5,144.718,4.32,24511364533,12528705773,46629
ins6,0,0xf00,135,5,182.372,8.638,442573305,25049434980,90759
ins6,1,0xf00,135,5,182.164,8.637,442628491,25047105990,90980
ins6,2,0xf00,135,5,182.244,8.637,442552883,25046028321,90274
ins6,0,0x1100,135,5,171.507,7.62,439889342,22096244543,79834
ins6,1,0x1100,135,5,171.428,7.62,439903122,22096281692,80256
ins6,2,0x1100,135,5,171.466,7.62,439897011,22096205219,80151
ins6,0,0x1300,135,5,163.959,6.817,437854539,19767489965,72115
ins6,1,0x1300,135,5,163.812,6.816,437798993,19766312072,71550
ins6,2,0x1300,135,5,163.958,6.816,437801418,19767002591,71857
ins6,0,0x1500,135,5,159.09,6.166,436116729,17881743998,65228
ins6,1,0x1500,135,5,159.019,6.166,436113395,17880858686,65251
ins6,2,0x1500,135,5,159.078,6.166,436111095,17881929801,65074
ins6,0,0x1700,135,5,155.598,5.629,434739429,16324287050,60056
ins6,1,0x1700,135,5,155.647,5.63,434745681,16325165402,59927
ins6,2,0x1700,135,5,155.675,5.629,434723340,16324377327,59736
ins6,0,0x1900,135,5,153.547,5.178,433546970,15015806209,54383
ins6,1,0x1900,135,5,153.54,5.178,433551516,15017004924,55010
ins6,2,0x1900,135,5,153.54,5.179,433548131,15017096419,55216
ins6,0,0x1b00,135,5,152.919,4.794,432572899,13903035638,51478
ins6,1,0x1b00,135,5,152.971,4.795,432563613,13903854250,51548
ins6,2,0x1b00,135,5,153.046,4.794,432564941,13903159091,51370
ins6,0,0x1d00,135,5,151.925,4.463,431687384,12943065806,47954
ins6,1,0x1d00,135,5,152.107,4.463,431687335,12943655550,48015
ins6,2,0x1d00,135,5,152.235,4.463,431692267,12943421694,47948
sleep-1-milli,0,0xf00,135,5,74.069,4.222,40146848,160845310,43116
sleep-1-milli,1,0xf00,135,5,74.085,4.222,40080032,161141139,44016
sleep-1-milli,2,0xf00,135,5,74.039,4.222,40496164,159458472,43547
sleep-1-milli,0,0x1100,135,5,74.103,4.222,40500257,157902071,43939
sleep-1-milli,1,0x1100,135,5,74.089,4.222,39987204,158288786,43583
sleep-1-milli,2,0x1100,135,5,74.079,4.222,40404262,160286277,44271
sleep-1-milli,0,0x1300,135,5,74.059,4.222,39944267,159503393,42736
sleep-1-milli,1,0x1300,135,5,74.082,4.222,40445953,158136623,42533
sleep-1-milli,2,0x1300,135,5,74.096,4.222,40462082,160614818,44846
sleep-1-milli,0,0x1500,135,5,74.074,4.222,39944283,158573798,42575
sleep-1-milli,1,0x1500,135,5,74.062,4.222,40135041,160896727,43173
sleep-1-milli,2,0x1500,135,5,74.069,4.222,40087057,160347728,43302
sleep-1-milli,0,0x1700,135,5,74.095,4.222,40443746,158625737,42821
sleep-1-milli,1,0x1700,135,5,74.068,4.222,40488278,161631819,42568
sleep-1-milli,2,0x1700,135,5,74.09,4.222,40131400,160243067,42701
sleep-1-milli,0,0x1900,135,5,74.079,4.222,40217341,158054002,43604
sleep-1-milli,1,0x1900,135,5,74.097,4.222,39557252,159099597,43888
sleep-1-milli,2,0x1900,135,5,74.081,4.222,40390561,159655788,43743
sleep-1-milli,0,0x1b00,135,5,74.065,4.222,40425836,159318837,43465
sleep-1-milli,1,0x1b00,135,5,74.085,4.222,40318120,158574726,43896
sleep-1-milli,2,0x1b00,135,5,74.073,4.223,39959652,159873897,44762
sleep-1-milli,0,0x1d00,135,5,74.147,4.222,40837721,161369195,43579
sleep-1-milli,1,0x1d00,135,5,74.094,4.222,40213657,159659036,43148
sleep-1-milli,2,0x1d00,135,5,74.122,4.222,40363454,160584629,42433
sleep-10-micro,0,0xf00,135,5,77.3,4.375,417214924,1526972757,702563
sleep-10-micro,1,0xf00,135,5,77.351,4.375,417045859,1528477944,702095
sleep-10-micro,2,0xf00,135,5,77.313,4.375,417306045,1528656990,703260
sleep-10-micro,0,0x1100,135,5,77.363,4.375,416969176,1529366185,701957
sleep-10-micro,1,0x1100,135,5,77.367,4.375,416883433,1531567111,702150
sleep-10-micro,2,0x1100,135,5,77.307,4.375,417009368,1529606624,702121
sleep-10-micro,0,0x1300,135,5,77.354,4.375,417037251,1534591898,703288
sleep-10-micro,1,0x1300,135,5,77.34,4.375,417445632,1535183295,703500
sleep-10-micro,2,0x1300,135,5,77.348,4.375,417363821,1535800937,703229
sleep-10-micro,0,0x1500,135,5,77.367,4.375,416946426,1525442224,702928
sleep-10-micro,1,0x1500,135,5,77.363,4.375,417307884,1525046664,702958
sleep-10-micro,2,0x1500,135,5,77.32,4.375,417240627,1537217239,703136
sleep-10-micro,0,0x1700,135,5,77.303,4.375,417113888,1529471629,703290
sleep-10-micro,1,0x1700,135,5,77.317,4.375,417318862,1519659189,703051
sleep-10-micro,2,0x1700,135,5,77.331,4.375,416755839,1528708842,702945
sleep-10-micro,0,0x1900,135,5,77.349,4.375,417033406,1528880406,703654
sleep-10-micro,1,0x1900,135,5,77.321,4.375,417348823,1531838145,703423
sleep-10-micro,2,0x1900,135,5,77.328,4.375,417203874,1540918596,703333
sleep-10-micro,0,0x1b00,135,5,77.323,4.375,416852877,1531037484,702113
sleep-10-micro,1,0x1b00,135,5,77.329,4.375,417356722,1519410572,702220
sleep-10-micro,2,0x1b00,135,5,77.315,4.375,417420837,1525850660,703598
sleep-10-micro,0,0x1d00,135,5,77.343,4.375,417171503,1529180759,701991
sleep-10-micro,1,0x1d00,135,5,77.329,4.375,417022903,1531359471,702224
sleep-10-micro,2,0x1d00,135,5,77.354,4.375,417033226,1528522981,702720
sleep-1-micro,0,0xf00,135,80000,78.32,4.432,483619646,1733450727,806325
sleep-1-micro,1,0xf00,135,80000,78.48,4.433,485378137,1736103850,804007
sleep-1-micro,2,0xf00,135,80000,78.335,4.43,485552626,1733910000,806372
sleep-1-micro,0,0x1100,135,80000,78.406,4.437,484801522,1733118213,804115
sleep-1-micro,1,0x1100,135,80000,78.478,4.438,484170669,1728573275,804646
sleep-1-micro,2,0x1100,135,80000,78.263,4.427,484315047,1735092185,805051
sleep-1-micro,0,0x1300,135,80000,78.22,4.424,484154142,1730233786,805798
sleep-1-micro,1,0x1300,135,80000,77.781,4.399,482879349,1726553048,808131
sleep-1-micro,2,0x1300,135,80000,78.244,4.427,484421444,1734975808,805514
sleep-1-micro,0,0x1500,135,80000,78.275,4.426,484168304,1733665414,806227
sleep-1-micro,1,0x1500,135,80000,78.41,4.434,484507922,1733950658,803561
sleep-1-micro,2,0x1500,135,80000,77.821,4.402,484856088,1728169885,808661
sleep-1-micro,0,0x1700,135,80000,77.864,4.404,483088532,1719748691,806031
sleep-1-micro,1,0x1700,135,80000,78.199,4.423,484369062,1724080276,805308
sleep-1-micro,2,0x1700,135,80000,77.995,4.411,483630435,1723281007,806972
sleep-1-micro,0,0x1900,135,80000,77.874,4.405,483259070,1729373443,807674
sleep-1-micro,1,0x1900,135,80000,77.636,4.389,482452806,1723453963,807246
sleep-1-micro,2,0x1900,135,80000,77.666,4.394,482631531,1720254422,808076
sleep-1-micro,0,0x1b00,135,80000,78.093,4.416,484752864,1730448618,806363
sleep-1-micro,1,0x1b00,135,80000,78.07,4.415,483788069,1722627463,806308
sleep-1-micro,2,0x1b00,135,80000,77.856,4.402,483218469,1718021132,808565
sleep-1-micro,0,0x1d00,135,80000,77.96,4.408,483429867,1718779221,807884
sleep-1-micro,1,0x1d00,135,80000,78.003,4.411,483610006,1718601045,807484
sleep-1-micro,2,0x1d00,135,80000,77.92,4.406,483677833,1726436758,807452
memtest,0,0xf00,135,aaaaaaaabbbbbbbbaaaaaaaa,179.332,8.503,7221544634,24658374562,13583641
memtest,1,0xf00,135,aaaaaaaabbbbbbbbaaaaaaaa,179.289,8.501,7221533411,24650721636,13583911
memtest,2,0xf00,135,aaaaaaaabbbbbbbbaaaaaaaa,179.549,8.512,7221561236,24682496414,13592235
memtest,0,0x1100,135,aaaaaaaabbbbbbbbaaaaaaaa,172.883,7.666,7219450722,22230941394,13291797
memtest,2,0x1100,135,aaaaaaaabbbbbbbbaaaaaaaa,172.935,7.672,7219446199,22247200534,13302930
memtest,0,0x1300,135,aaaaaaaabbbbbbbbaaaaaaaa,169.208,7.04,7217852874,20414264292,13098415
memtest,1,0x1300,135,aaaaaaaabbbbbbbbaaaaaaaa,169.033,7.053,7217879645,20453622976,13095307
memtest,2,0x1300,135,aaaaaaaabbbbbbbbaaaaaaaa,169.115,7.056,7217883779,20461149607,13109926
memtest,0,0x1500,135,aaaaaaaabbbbbbbbaaaaaaaa,167.505,6.516,7216547237,18894390155,12932542
memtest,1,0x1500,135,aaaaaaaabbbbbbbbaaaaaaaa,167.525,6.517,7216522655,18897423120,12937368
memtest,2,0x1500,135,aaaaaaaabbbbbbbbaaaaaaaa,167.057,6.495,7216478165,18835946310,12922901
memtest,0,0x1700,135,aaaaaaaabbbbbbbbaaaaaaaa,168.56,6.119,7215523074,17745271941,12843627
memtest,1,0x1700,135,aaaaaaaabbbbbbbbaaaaaaaa,168.478,6.116,7215540678,17734481853,12838172
memtest,2,0x1700,135,aaaaaaaabbbbbbbbaaaaaaaa,167.831,6.099,7215472246,17686395445,12816542
memtest,0,0x1900,135,aaaaaaaabbbbbbbbaaaaaaaa,170.877,5.793,7214721935,16798160651,12723803
memtest,1,0x1900,135,aaaaaaaabbbbbbbbaaaaaaaa,170.032,5.781,7214669386,16763011230,12709014
memtest,2,0x1900,135,aaaaaaaabbbbbbbbaaaaaaaa,170.459,5.794,7214700798,16801262462,12719873
memtest,0,0x1b00,135,aaaaaaaabbbbbbbbaaaaaaaa,174.465,5.528,7214033077,16030636675,12626656
memtest,1,0x1b00,135,aaaaaaaabbbbbbbbaaaaaaaa,174.469,5.527,7214031910,16026473580,12635032
memtest,2,0x1b00,135,aaaaaaaabbbbbbbbaaaaaaaa,174.028,5.51,7213984421,15977380959,12630609
memtest,0,0x1d00,135,aaaaaaaabbbbbbbbaaaaaaaa,177.298,5.275,7213394383,15298850588,12542423
memtest,1,0x1d00,135,aaaaaaaabbbbbbbbaaaaaaaa,177.866,5.271,7213379675,15285933089,12542275
memtest,2,0x1d00,135,aaaaaaaabbbbbbbbaaaaaaaa,177.882,5.285,7213413018,15325571304,12538966
memctest,0,0xf00,135,bb,163.435,7.052,35875653,20449911614,378289281
memctest,1,0xf00,135,bb,163.182,7.046,35856219,20432865066,378720471
memctest,2,0xf00,135,bb,163.586,7.052,35871797,20450785036,378064285
memctest,0,0x1100,135,bb,160.774,6.461,34387214,18737164509,376813281
memctest,1,0x1100,135,bb,160.799,6.465,34390172,18748031679,377163948
memctest,2,0x1100,135,bb,160.803,6.462,34384525,18737850156,376247093
memctest,0,0x1300,135,bb,160.16,6.016,33263454,17445518806,375542371
memctest,1,0x1300,135,bb,159.91,6.008,33238854,17421339737,375648938
memctest,2,0x1300,135,bb,160.038,6.015,33261672,17441762552,375636626
memctest,0,0x1500,135,bb,161.487,5.64,32310173,16355310902,374411578
memctest,1,0x1500,135,bb,161.664,5.648,32329938,16378221076,374818687
memctest,2,0x1500,135,bb,161.434,5.64,32311053,16354039020,374278901
memctest,0,0x1700,135,bb,163.983,5.354,31589793,15526942635,373224174
memctest,1,0x1700,135,bb,163.679,5.347,31566786,15505539069,372768907
memctest,2,0x1700,135,bb,163.962,5.355,31598580,15529437360,372548651
memctest,0,0x1900,135,bb,168.024,5.104,30961518,14800597934,372022573
memctest,1,0x1900,135,bb,168.284,5.113,30984928,14828102317,372751943
memctest,2,0x1900,135,bb,167.905,5.104,30954456,14800318142,372566913
memctest,0,0x1b00,135,bb,172.763,4.91,30467617,14239177161,371224492
memctest,1,0x1b00,135,bb,172.368,4.898,30442973,14202962570,370937104
memctest,2,0x1b00,135,bb,172.601,4.908,30463449,14232662311,371464731
memctest,0,0x1d00,135,bb,177.645,4.722,30009805,13695127562,369469624
memctest,1,0x1d00,135,bb,178.324,4.734,30044151,13727435012,369762594
memctest,2,0x1d00,135,bb,178.092,4.723,29995215,13697898425,369556333
workALUtest,0,0xf00,135,17,156.728,7.564,5619185207,21933740636,13697211
workALUtest,1,0xf00,135,17,156.853,7.563,5619182080,21930340734,13696784
workALUtest,2,0xf00,135,17,156.79,7.564,5619168253,21935053553,13697269
workALUtest,0,0x1100,135,17,152.274,6.907,5617514162,20029650632,13469331
workALUtest,1,0x1100,135,17,152.525,6.919,5617538843,20063261284,13471724
workALUtest,2,0x1100,135,17,152.204,6.906,5617504096,20027276402,13471416
workALUtest,0,0x1300,135,17,150.518,6.416,5616272345,18605764494,13310955
workALUtest,1,0x1300,135,17,150.522,6.416,5616271097,18604825735,13305454
workALUtest,2,0x1300,135,17,150.542,6.415,5616272561,18601904362,13302098
workALUtest,0,0x1500,135,17,150.39,5.992,5615199000,17376717379,13169837
workALUtest,1,0x1500,135,17,150.333,5.992,5615202441,17376578353,13176111
workALUtest,2,0x1500,135,17,150.307,5.991,5615192786,17374013477,13167642
workALUtest,0,0x1700,135,17,151.641,5.662,5614365842,16418926926,13058466
workALUtest,1,0x1700,135,17,151.681,5.662,5614383415,16418672944,13054519
workALUtest,2,0x1700,135,17,151.782,5.662,5614388180,16420498639,13062328
workALUtest,0,0x1900,135,17,154.445,5.384,5613668855,15614205781,12969335
workALUtest,1,0x1900,135,17,154.385,5.384,5613667370,15613523846,12967622
workALUtest,2,0x1900,135,17,154.371,5.384,5613684254,15613902731,12971127
workALUtest,0,0x1b00,135,17,158.443,5.15,5613077162,14933166562,12891062
workALUtest,1,0x1b00,135,17,158.462,5.149,5613075780,14931517216,12893910
workALUtest,2,0x1b00,135,17,158.433,5.149,5613071496,14930752631,12889142
workALUtest,0,0x1d00,135,17,162.092,4.948,5612580010,14347953696,12825251
workALUtest,1,0x1d00,135,17,162.226,4.949,5612572678,14351983362,12826706
workALUtest,2,0x1d00,135,17,162.34,4.948,5612567894,14350010115,12821184
sumtest,0,0xf00,135,2000000000,184.781,8.973,18022716753,26019512066,90661
sumtest,1,0xf00,135,2000000000,184.93,8.962,18022692971,25987789952,90561
sumtest,2,0xf00,135,2000000000,185.089,8.976,18022724347,26029187539,90719
sumtest,0,0x1100,135,2000000000,173.874,7.933,18020114919,23004106450,80433
sumtest,1,0x1100,135,2000000000,173.742,7.928,18020103705,22991174596,80405
sumtest,2,0x1100,135,2000000000,173.849,7.934,18020096369,23006795533,80252
sumtest,0,0x1300,135,2000000000,165.506,7.087,18017957830,20550496954,71753
sumtest,1,0x1300,135,2000000000,165.501,7.087,18017958778,20551285406,71671
sumtest,2,0x1300,135,2000000000,165.711,7.096,18018000045,20576946143,71967
sumtest,0,0x1500,135,2000000000,160.334,6.417,18016268948,18608726699,64955
sumtest,1,0x1500,135,2000000000,160.466,6.424,18016286260,18629926946,65161
sumtest,2,0x1500,135,2000000000,162.545,6.507,18016519985,18868444029,66103
sumtest,0,0x1700,135,2000000000,157.067,5.867,18014881151,17014272653,59523
sumtest,1,0x1700,135,2000000000,157.157,5.872,18014914947,17028929717,59789
sumtest,2,0x1700,135,2000000000,157.04,5.875,18014923212,17038345611,59774
sumtest,0,0x1900,135,2000000000,154.375,5.404,18013711645,15670033739,54771
sumtest,1,0x1900,135,2000000000,153.965,5.386,18013666815,15619245662,54698
sumtest,2,0x1900,135,2000000000,154.326,5.398,18013695248,15654613018,54675
sumtest,0,0x1b00,135,2000000000,153.177,4.997,18012708320,14492336721,50928
sumtest,1,0x1b00,135,2000000000,153.438,5.002,18012697424,14504773980,50828
sumtest,2,0x1b00,135,2000000000,153.402,5.001,18012692200,14501436863,50778
sumtest,0,0x1d00,135,2000000000,151.564,4.636,18011773295,13445061983,47174
sumtest,1,0x1d00,135,2000000000,152.059,4.651,18011809383,13487357758,47197
sumtest,2,0x1d00,135,2000000000,152.072,4.649,18011806718,13483103052,47148
sumatest,0,0xf00,135,2000000000,196.406,9.572,2024230002,27755971949,6814915
sumatest,1,0xf00,135,2000000000,196.008,9.559,2024201774,27720516520,6740612
sumatest,2,0xf00,135,2000000000,196.669,9.582,2024255047,27785754688,6744012
sumatest,0,0x1100,135,2000000000,183.963,8.435,2021369995,24460153588,6523041
sumatest,1,0x1100,135,2000000000,184.113,8.441,2021384714,24478964873,6496869
sumatest,2,0x1100,135,2000000000,183.962,8.435,2021366815,24460684230,6473538
sumatest,0,0x1300,135,2000000000,175.83,7.572,2019191498,21957849699,6268429
sumatest,1,0x1300,135,2000000000,177.348,7.643,2019366533,22164854338,6261226
sumatest,2,0x1300,135,2000000000,176.309,7.6,2019276548,22037754095,6250371
sumatest,0,0x1500,135,2000000000,167.869,6.752,2017116142,19581031739,6006970
sumatest,1,0x1500,135,2000000000,167.963,6.756,2017125380,19590731543,6043655
sumatest,2,0x1500,135,2000000000,169.356,6.816,2017298791,19766669062,6046856
sumatest,0,0x1700,135,2000000000,165.802,6.243,2015831514,18104784883,5881948
sumatest,1,0x1700,135,2000000000,164.523,6.196,2015735382,17967155813,5894203
sumatest,2,0x1700,135,2000000000,165.247,6.219,2015774035,18034731033,5883377
sumatest,0,0x1900,135,2000000000,162.8,5.73,2014558932,16616979033,5739983
sumatest,1,0x1900,135,2000000000,162.652,5.724,2014527982,16598805661,5735899
sumatest,2,0x1900,135,2000000000,162.18,5.707,2014484695,16548271740,5741245
sumatest,0,0x1b00,135,2000000000,161.957,5.313,2013483451,15406019798,5629787
sumatest,1,0x1b00,135,2000000000,162.298,5.325,2013514652,15441202772,5637031
sumatest,2,0x1b00,135,2000000000,162.222,5.319,2013507210,15424474702,5629418
sumatest,0,0x1d00,135,2000000000,163.644,5.047,2012819405,14635311680,5564098
sumatest,1,0x1d00,135,2000000000,161.97,4.988,2012688092,14464536799,5551473
sumatest,2,0x1d00,135,2000000000,162.167,4.99,2012673079,14470499808,5565775

work1MB,0x1d00,5,175.446,5.462,10486240243,15840300772,1
work1MB,0x1d00,5,175.574,5.462,10486240243,15840279457,1
work1MB,0x1d00,5,175.592,5.462,10486240243,15840313474,1
work1MB,0x1b00,5,176.543,5.867,10486240243,17013664987,1
work1MB,0x1b00,5,176.528,5.867,10486240243,17013714316,1
work1MB,0x1b00,5,176.731,5.867,10486240243,17013660782,1
work1MB,0x1900,5,177.609,6.336,10486240243,18374846107,1
work1MB,0x1900,5,177.786,6.336,10486240243,18374705341,1
work1MB,0x1900,5,177.865,6.336,10486240243,18374722393,1
work1MB,0x1700,5,181.191,6.887,10486240243,19972526954,1
work1MB,0x1700,5,181.203,6.887,10486240243,19972570889,1
work1MB,0x1700,5,181.233,6.887,10486240243,19972548095,1